symbol,value,stress,ipa
AA,V,0,ɑ
AA0,V,0,ɑ
AA1,V,1,ɑ
AA2,V,2,ɑ
AE,V,0,æ
AE0,V,0,æ
AE1,V,1,æ
AE2,V,2,æ
AH,V,0,ə
AH0,V,0,ə
AH1,V,1,ʌ
AH2,V,2,ʌ
AO,V,0,ɔ
AO0,V,0,ɔ
AO1,V,1,ɔ
AO2,V,2,ɔ
AW,V,0,aʊ
AW0,V,0,aʊ
AW1,V,1,aʊ
AW2,V,2,aʊ
AY,V,0,aɪ
AY0,V,0,aɪ
AY1,V,1,aɪ
AY2,V,2,aɪ
B,C,0,b
CH,C,0,t͡ʃ
D,C,0,d
DH,C,0,ð
EH,V,0,ɛ
EH0,V,0,ɛ
EH1,V,1,ɛ
EH2,V,2,ɛ
ER,V,0,ɚ
ER0,V,0,ɚ
ER1,V,1,ɝ
ER2,V,2,ɝ
EY,V,0,eɪ
EY0,V,0,eɪ
EY1,V,1,eɪ
EY2,V,2,eɪ
F,C,0,f
G,C,0,g
HH,C,0,h
IH,V,0,ɪ
IH0,V,0,ɪ
IH1,V,1,ɪ
IH2,V,2,ɪ
IY,V,0,i
IY0,V,0,i
IY1,V,1,i
IY2,V,2,i
JH,C,0,d͡ʒ
K,C,0,k
L,C,0,l
M,C,0,m
N,C,0,n
NG,C,0,ŋ
OW,V,0,oʊ
OW0,V,0,oʊ
OW1,V,1,oʊ
OW2,V,2,oʊ
OY,V,0,ɔɪ
OY0,V,0,ɔɪ
OY1,V,1,ɔɪ
OY2,V,2,ɔɪ
P,C,0,p
R,C,0,ɹ
S,C,0,s
SH,C,0,ʃ
T,C,0,t
TH,C,0,θ
UH,V,0,ʊ
UH0,V,0,ʊ
UH1,V,1,ʊ
UH2,V,2,ʊ
UW,V,0,u
UW0,V,0,u
UW1,V,1,u
UW2,V,2,u
V,C,0,v
W,C,0,w
Y,C,0,j
Z,C,0,z
ZH,C,0,ʒ
